,2339949,4306262,183829,4476527,4325096,798581,4045886,4328550,1504042,4476780,186321,3236435,297635,2056702,4423553,28218,4478125,3943186,4457872,4346675,125624,847228,359872,4467447,4478815,4308835,360890,3537197,4289139,173851,4004993,164430,176312,4143073,3907189,4468234,4242681,4481613,4426438,3609545,4217963,4447950,178478,3709560,311947,4447072,4481131,48084,183439,4327141,4365130,173773
1200528000,14.460977253839708,18.213684660710726,13.449376501252111,16.551718271100345,13.85484152602696,16.140619350987123,14.260306578579575,13.16169451213364,14.771132157901125,15.824282029081626,14.260306578579575,16.380570017001894,14.702139291176078,15.673999829803503,16.86710294306223,15.281957755000452,16.28258961001424,16.505733158387272,15.913229513118905,15.891723308360476,14.702139291176078,17.16902737009344,16.052065955215042,18.10571472618993,15.55958948190176,17.456709441030068,14.008992182044697,14.460977253839708,14.260306578579575,-1.7524286678320244,16.014325627944448,12.75622957069207,14.008992182044697,14.771132157901125,16.94588382029438,19.316552273524493,14.460977253839708,12.75622957069207,18.096168114329135,13.672520002566332,16.380570017001894,18.147581305485325,16.86710294306223,13.16169451213364,15.281957755000452,18.39636152004814,17.687099399929696,14.896295293011995,16.140619350987123,16.0333738225523,15.497069126875461,18.938313978441887
1200700800,14.047115738773233,16.84613758391969,14.991577260312505,17.404510359894985,15.397042349902152,16.22833984803491,14.180647113540616,14.047115738773233,14.991577260312505,14.666154881245397,15.279259318875399,15.862405585810162,13.892965082755495,14.586112179982116,14.934418849740531,14.499100810568244,16.655082348987644,17.944749866790698,15.627566000888713,14.873794231600566,13.199818068862175,16.716325973603038,16.108538650275076,18.323781716916283,14.298430135308111,16.41869357373043,13.199818068862175,13.199818068862175,15.096937770414776,13.710643559294867,16.17874290771566,13.199818068862175,13.892965082755495,14.298430135308111,17.471843479639613,19.559968139818114,14.934418849740531,13.710643559294867,17.499368152903426,13.487500057980647,15.97240647860201,17.840998362255455,16.37787157976573,15.145727932203258,14.298430135308111,18.43270729853384,18.01740751216364,15.145727932203258,15.907867958853329,14.991577260312505,15.684724413094674,19.18459329532501
1200787200,14.448363935690093,17.821390359909365,14.959189526122753,15.54697616880265,15.221553779051783,16.69965565973519,15.792098620796988,14.528406636953374,14.36135256627622,14.853829016020482,14.60251460361259,15.988808911161055,14.266042395562804,14.528406636953374,15.330753067037996,16.090591603742887,17.013313216228557,16.137844487849016,15.91470094038096,15.93374913498881,14.448363935690093,17.06940268252995,16.861297009982362,18.31608660063049,15.988808911161055,13.349751813688624,14.042898869248592,14.853829016020482,13.90936749448121,13.062069824570152,13.755216838463472,17.937266816982554,15.25929410561013,15.518805292629605,16.81548747430088,19.230982631094772,14.736045987308543,12.656604883128583,18.090326388866355,15.221553779051783,16.868731988414602,17.11674880284689,16.538168191381423,15.054499701381623,15.098951461976174,18.34865160325283,17.96487208300516,12.656604883128583,15.813604825555418,16.759247756429968,16.807644296901373,17.683768982454865
1200873600,15.958093613575482,16.95899891824903,14.721557561400873,16.537141135862488,14.200830689019465,17.64005101038808,16.72647031804054,15.87324206829323,14.277906024964839,14.183879969311874,14.466144771740097,15.894905414263967,15.76274672303714,15.368518060548062,15.62069460365053,16.650578971382224,17.291873019524253,16.74548534177232,15.136731699265141,16.406892906017116,15.206054935028614,16.482715233642576,15.624253333454647,17.357050740330756,16.748897160343137,15.527451578365335,13.598844381300921,15.032583174409673,6.242118128948155,15.172991397352062,15.012172185658317,15.096710340300168,15.31762670711429,15.461467738131848,16.04941971050491,18.370957790426935,15.3498959727426,15.588511918697685,18.91485850463498,15.979139129020048,17.006745376319664,16.22235621065605,16.02831953386887,14.859481362605784,15.516375171224738,18.074221025396227,18.494361180386132,15.208282110031348,15.432047488986182,17.433090102378593,15.67828572506412,17.684910699321684
1200960000,14.920068920223102,17.43871365555876,15.824525159436249,16.701976044085608,15.848055656292733,17.1041353607808,15.131378002685828,15.177898016156218,15.082587840897347,15.26490938935797,14.284080205790682,15.978675835862148,14.725912918387184,14.725912918387184,16.52950678559838,15.750417189114028,17.1041353607808,17.035615414813726,15.824525159436249,15.915496935571582,14.032765809255803,17.317964139545538,15.642203607404198,18.327131364463444,16.07583958242615,16.849029460688122,13.696293629777438,14.389440710337398,-1.728655040620918,14.284080205790682,15.871045173988891,15.031294549141375,15.305731382211558,15.45415138181259,15.978675835862148,18.861079404843828,15.642203607404198,14.166297184023186,18.61773314652697,15.177898016156218,17.620245010023446,17.049700154596273,16.99951041043235,14.725912918387184,15.222349776750768,18.822635532773333,18.45160627591644,14.484750881050815,15.915496935571582,16.630150310251658,16.651203719227862,18.670264740885248
1201046400,14.198952766064199,17.957241549465763,14.758568500428197,16.630370616890232,15.833083190478922,16.368006355719444,15.415348002425736,14.758568500428197,15.297564971398982,15.783072771155041,12.11951209938387,16.278394198369043,14.827561367153244,16.213855678273138,16.881685042729135,16.031534124812516,16.99470843021911,17.175756911102106,15.833083190478922,15.297564971398982,13.911270735279079,17.31800813617506,16.05133675171654,18.166883280794714,15.377607675867392,17.757865772276837,14.758568500428197,14.422096292378411,14.422096292378411,13.911270735279079,16.93169546288687,13.218123721385759,14.68446053376898,16.476219938894474,16.382190990510193,19.039194950219922,14.952724502264115,13.72894921181845,18.46514746196735,14.758568500428197,16.94782484468667,16.596847925226214,17.366535176808014,14.065421391296816,15.45171564527386,19.09024117846686,18.19944429676829,14.827561367153244,16.17995412717217,15.833083190478922,15.948152517612595,18.544380124910504
1201132800,15.37031679309225,17.296325758372635,14.487927661744347,16.37246879374827,14.082462595302847,17.31128863097472,15.894841247141809,14.893392742074738,14.711071196391892,15.934846580955188,14.487927661744347,15.894841247141809,15.740690570715909,15.047543413965489,16.346826363463716,16.13015532979714,17.078194750106846,16.7905126797384,16.207713562939357,15.831662346851243,14.711071196391892,17.121014747027797,16.010354132037307,18.185105837405764,16.44567219687804,16.95884799326653,13.794780564517726,14.947459960421035,14.082462595302847,13.612459041057098,15.047543413965489,13.389315539742878,15.221896793491219,15.335225474512507,16.63774992656139,18.927633325654863,14.947459960421035,14.400916292330475,18.252996172813003,15.853168551609672,16.63774992656139,17.50018915801458,17.28622466243715,14.082462595302847,14.305606121617059,18.650709303483364,18.389900249669164,15.404218343618506,15.298857831664384,17.13291964946325,15.640607114665194,18.47845364686794
1201305600,14.374956763522778,18.584612008064468,14.529107419540516,15.416410530507815,13.96949173874793,15.71869138703548,14.981092491335527,14.529107419540516,14.780421816075394,14.780421816075394,14.780421816075394,15.57892945118206,13.681809749629458,13.96949173874793,14.662638794307899,15.416410530507815,16.710331528802193,15.0681038607494,16.710331528802193,15.0681038607494,14.374956763522778,18.038518247259276,17.310584955189967,18.95480897656933,15.416410530507815,13.681809749629458,14.981092491335527,13.96949173874793,13.681809749629458,12.58319812762757,-1.2323134303362053,20.43874180593133,13.96949173874793,15.416410530507815,16.411838545856295,19.77387316271386,13.96949173874793,12.58319812762757,17.104985715546675,14.19263524006215,16.13854521768891,18.32940032136311,17.419479042516056,13.96949173874793,15.0681038607494,18.73805522376763,17.049105257776908,13.96949173874793,-1.2323134303362053,15.527636159426088,16.97764629464619,17.115796631534014
1201478400,14.158722171002449,18.029923059514513,16.049572436742665,17.09656034776006,15.545016438372347,15.929428127309274,14.718337905366447,13.871040140217328,14.912493907202364,15.575788096092129,15.07501282787661,15.07501282787661,14.276505192769944,14.718337905366447,16.52193177257764,14.718337905366447,17.056014253639745,15.023719536120637,16.190154384889375,15.17032300313548,14.025190796235066,17.543112313585517,16.69440103106487,18.16832538203704,15.545016438372347,16.643628706207124,13.46557511544248,14.64422993870723,14.787330772091494,13.6887186167567,14.912493907202364,13.46557511544248,14.912493907202364,14.8518692890624,16.435989343832723,19.563649148170548,14.718337905366447,13.46557511544248,17.681399328892358,14.64422993870723,16.383345611040305,18.154626537710154,17.472908055220437,15.07501282787661,14.38186569731666,18.54542523011545,17.937213661663222,14.8518692890624,15.662799470556507,15.716866690364796,15.929428127309274,18.5654412947911
1201564800,13.891879301933582,18.374881689164052,14.872708450778653,15.861319804988248,15.950267289025527,16.362799557164696,14.665069100423484,14.49801502974633,14.179561332718702,14.585026399160203,14.49801502974633,15.655467756099714,14.297344354486198,15.467415530508106,16.845051803097775,14.7391770670827,16.390579120885896,14.808169933807747,15.861319804988248,14.808169933807747,12.793267346598693,17.069932972559318,16.80964987636022,18.147491847449217,15.235613925446284,17.083726294596524,14.297344354486198,13.709557778472954,12.100120666038373,12.793267346598693,15.813691757133425,13.198732288040262,14.585026399160203,14.179561332718702,15.144642151381344,19.362748267714377,16.01214269146702,12.100120666038373,18.604407841072526,14.7391770670827,16.390579120885896,17.813852474848574,17.02010059916627,16.05136340385107,15.763681337809544,18.79591858433346,17.06296430329179,14.49801502974633,17.52946529937928,15.5658556000886,15.78899914515281,18.780974346083795
1201651200,13.157347215736568,18.856675007826183,16.292841112825194,15.865397105727721,15.908882216721834,16.307229850070254,14.891947996614924,14.456629957442637,14.766784861504053,15.054466917289169,14.138176260415008,15.819934732684555,14.36131978672922,14.255959282182504,15.842924250380714,14.83132337847496,16.415443433245283,15.426030458204412,14.766784861504053,15.72229626550585,14.543641326856509,17.069369894498102,16.62308279561968,17.88768021428656,14.004644885647625,17.15860102765694,14.138176260415008,12.751882274295,14.004644885647625,12.751882274295,15.61408268379602,13.850494229629888,14.138176260415008,14.36131978672922,15.003173625533197,19.29291177420653,15.908882216721834,14.138176260415008,18.716745640889624,13.44502920485504,16.591334097641123,17.34193832754931,16.971389486824172,15.696320779777356,15.887376011963404,18.289216043282167,17.140138964930824,15.054466917289169,16.683707416823374,15.27761045860338,15.669652533406431,18.803970944396013
1201737600,14.604444586267809,18.385669165111537,15.94397586224317,15.84441152662663,15.155730910153071,17.05531511902781,14.686596107764817,14.956935382402097,14.292367459905913,15.304977386963266,15.097086371678522,15.981729637331167,14.985514587688083,13.99847429189924,15.206430988728394,15.085849944005018,16.907029609619002,15.242591289181831,15.418013295758872,15.297591732601566,13.587984041318869,17.538807039023787,16.916463851830997,18.21003834180275,14.345047872179213,16.6448248458871,14.292367459905913,13.487648648133279,14.201206762620025,13.08218366502507,14.554402868424154,13.651900631619311,13.54032895596216,14.460603571867313,15.624435895025233,18.90460458443232,15.837888605271944,14.730101820249528,18.546611731746324,14.220817118427433,16.15320201069517,17.706723394157496,17.591106923880233,15.474364247304601,15.768953711164338,18.545551428298072,17.515544627896382,14.239687281706608,15.23082604075359,15.561415537783272,15.8451587239919,18.30757756087339
1201910400,14.355854746694956,17.62984979060548,13.816858305486072,16.650071515088516,15.367455605343135,15.948485474428498,13.480386126007707,14.173533206567667,15.203152559463115,14.643536798313406,14.173533206567667,15.508534199615802,13.480386126007707,16.25297466074751,17.334779822836524,15.304935250316836,16.13362790469945,16.1194432699087,15.304935250316836,14.961990512386485,13.950389680253455,16.888227857011067,15.878281216987915,17.40828228452917,13.950389680253455,16.495920836661817,14.173533206567667,14.915470498916097,15.272145428569115,13.662707649468334,15.896299722165917,13.662707649468334,13.662707649468334,14.510005414617453,16.41424280648193,19.334884618615945,14.06817270202095,12.564095694133446,17.074954706144926,14.268843377281083,16.738482471721518,17.737416073339784,17.189068012319805,15.049001885588238,14.961990512386485,18.439025926390094,16.92719382529136,14.268843377281083,15.802773665905795,15.454466979807513,14.915470498916097,18.733705927671053
1201996800,13.532754077804698,17.216620795120235,14.408222698491947,16.18599585649644,15.10136983738523,16.05045036654474,14.562373366414445,14.756529368250362,15.058810224778028,14.867754997168635,14.120540653817942,15.707505622016152,12.61646364593044,15.660985607463509,16.477192867497475,15.10136983738523,16.18599585649644,16.034189845937373,15.660985607463509,15.014358464183479,14.225901158364659,17.370053341347273,15.855141617702788,17.904730179150352,14.488265399755228,16.567706874127374,13.309610576490478,14.562373366414445,15.91230003045341,12.61646364593044,15.35730320211383,11.923316965370118,14.225901158364659,15.506834931604505,16.034189845937373,19.54058377949085,14.002757632050447,13.309610576490478,17.27517410358602,13.715075601265326,16.128008599686957,17.83139890625694,17.116272821816384,14.756529368250362,15.29061182983985,18.57617899601429,16.775346237102735,14.120540653817942,14.867754997168635,15.389051899420345,15.874559703182815,18.7145374292204
1202169600,14.760511314223248,18.09468264969874,13.254380684940564,15.381595471481592,15.48733454168168,16.665660679175303,14.430068149831856,14.776641719278498,15.011395447213072,14.517244844594721,14.99178509140566,15.269283505575451,14.920482756992481,16.243981551376102,16.356659346401706,14.90229893044276,16.348127370726566,16.070210328468658,14.447613817058233,15.709480922281564,14.48274841004172,16.760738321711692,15.872601453035536,16.62797806975486,14.059099520324304,16.4922893891637,14.81113815482356,15.123215296661645,14.117991107596922,13.163219977376887,16.42942322107161,13.880762059069223,6.279859504289053,15.540445646061347,15.504285313161283,18.862396561856496,14.641975267484105,13.163219902376927,17.877917468100136,14.046440602015924,16.20295742175805,16.923174332775282,16.726865851934008,14.954979184105007,15.814872147202509,17.742037457541876,17.05579950362266,14.170671364314723,15.932083636609274,14.57390917564108,14.609792572397973,16.944274510882806
1202256000,15.068616859607348,17.456039566105208,13.160288947234307,15.84095868619051,14.970070434350456,16.93025301505689,14.870630282462296,14.388323992027189,14.7088764519579,14.233247222190542,15.063448734695607,15.976113720485506,14.90258794372543,16.348918975702304,15.953085457935131,15.152042741719669,17.187415688881504,16.578983251085468,14.277757688779667,16.07734119095399,14.158866134450847,16.270501443763308,15.589996149582594,16.91826704877519,14.573721419008267,16.14714167954927,14.95101763462067,14.571887404784524,15.323018959427637,13.908203525723636,16.29015243974376,13.391337983611434,14.652734182561991,15.21459312853959,15.900512586369524,19.041745599485438,15.248087970003118,12.794084962122676,18.235863128799917,13.808925377871953,17.808972710909583,17.418990993778593,16.523787361142315,15.146142884388704,15.891171709631317,18.00952515949837,17.745081396240323,14.634380948639494,15.36549484146459,15.145814315629911,14.74679688237824,18.27269587087157
1202342400,14.270028806976622,16.53313506009452,12.22233618135327,14.963175971407534,13.927084069046272,16.34542991090997,14.89648459802121,14.806333502653457,13.927084069046272,12.91548323691324,13.475098971277237,13.880564055575881,14.014095442248022,15.410752559046072,14.686189193220065,15.726390705973962,15.798886207486326,14.686189193220065,-2.979468987730865,14.33254916200292,13.233936933940868,15.266858380981486,13.72641338368513,14.664682988461635,15.313378396075255,14.767867222565581,11.934654192234799,11.529189250793232,12.781951862145856,12.627801206128119,14.499603242004081,16.834978134661483,14.014095442248022,13.233936933940868,13.72641338368513,17.471988127232393,14.094138146716432,13.60863035497319,16.749544578574383,13.8317738937874,16.373375841188956,15.461014393321603,14.930386149122178,13.60863035497319,13.72641338368513,15.977705132584024,16.982370830043635,14.499603242004081,14.131878473274776,15.71884350039554,12.91548323691324,16.452812671536346
1202428800,15.964789062574663,18.686843293794343,13.112157946763855,16.76713552448952,15.345749870651956,15.820207836755008,14.498452057883796,13.959455616674912,15.232421189630667,14.652602725806293,14.578494759147077,15.945370977094635,13.959455616674912,15.597064290996354,16.556840117670767,14.316130517756507,17.36065286024184,16.156680067027015,14.316130517756507,15.414742739757955,15.797734981408,16.52440484226833,16.038897033354758,17.131539143167245,13.805304960657175,16.792668826277357,15.414742739757955,14.21077001320979,15.009277648316456,13.805304960657175,16.6675056844438,15.414742739757955,14.903917138214185,14.316130517756507,14.84675872764221,19.252760299260146,14.786134109502246,13.399839935882326,17.542974416242146,13.622983437196547,18.136038136469836,17.384183357541293,16.432385944607258,15.510052916531976,15.842186742990691,17.98225288730538,18.620195512312034,14.498452057883796,15.539905878790393,14.652602725806293,15.479281258812193,18.787769212262937
1202515200,12.875405107842116,18.580852363481398,14.261699093962125,16.114083079614467,15.317751686689707,16.25979488813717,15.317751686689707,12.875405107842116,15.478094330323662,14.747206861666907,14.484842620276337,15.895829518376848,12.182258427281797,16.551705292407547,17.116731367607233,15.226779912624767,16.69311694478816,15.015470830162041,15.177989750836286,15.015470830162041,13.568552038402157,16.918455884448722,16.807230250370488,17.624675142133093,15.317751686689707,17.00253900095185,15.583454842277785,14.128167719194742,13.280870049283685,13.974017063177005,17.09491232037129,14.667164160403626,15.177989750836286,13.791695539716377,15.015470830162041,19.690496202509507,-1.6332531306819789,12.182258427281797,17.490525129633998,13.791695539716377,16.25979488813717,18.059993211863056,16.961380928797187,14.747206861666907,15.273299926095156,18.84026847443674,17.650317572636837,14.821314828326123,15.317751686689707,15.177989750836286,15.54955329175153,19.266483850218435
1202601600,13.662636455471368,16.73068923169027,14.43582625396127,16.414171612484964,15.336612753626387,16.674897872506637,15.76269713809545,14.1734620125707,14.91539930491913,14.64346560431644,13.816787111489106,15.76269713809545,12.56402450013648,16.090384539458647,16.589375699800325,15.272074234572148,16.666667373437864,15.166713722618026,15.08975268444486,14.704090222456404,14.268772183284117,16.336784949725498,16.119372075911734,17.484004929614365,15.965221398465427,16.571357194459985,14.509934220620487,14.1734620125707,14.1734620125707,13.25717143069652,16.562224710980114,15.272074234572148,14.578927087345534,14.068101508023984,14.35578355269799,19.26044077387196,14.815315851374677,13.662636455471368,17.77077417589888,14.268772183284117,16.86808910009753,17.918249000987004,17.09123265006039,15.166713722618026,14.64346560431644,18.45151595824857,17.67299519797487,15.454395785810547,14.761248633028378,15.608546461669551,15.481794759247911,18.84160689865915
1202688000,14.770431860887483,13.229987081845042,12.824522140403475,16.794813563389685,15.309428331858266,14.903963244583434,13.923134095738362,14.529269823551111,14.0772847517561,16.77576536860041,13.517669070963514,15.309428331858266,13.740812572277736,17.080134357314023,16.258508861017777,14.83942472761253,16.858762287405554,15.350250324711855,16.991186871957265,14.696323894228264,14.770431860887483,17.243362254224294,16.794813563389685,18.54154934345456,15.309428331858266,16.910497961358544,14.0772847517561,13.923134095738362,17.23731993980484,13.229987081845042,16.0433974852718,16.840904670164996,13.517669070963514,12.131375459843154,15.686722549904497,19.825767262928448,14.210816126523483,14.210816126523483,16.927165013704858,13.229987081845042,15.869044101936545,18.03673631062302,18.253867271551023,16.56219127059173,14.616281192964985,18.42664046312832,17.301858460563626,13.229987081845042,15.463579005733145,14.696323894228264,16.785334819524987,18.528304116726467
1202860800,14.062534182648456,13.369387127088487,13.081705137970015,16.903073449096023,15.241189092451648,13.929002807881073,-1.8324180419956484,13.081705137970015,13.369387127088487,16.17274727314657,14.622149917012454,16.15747980124888,13.592530628402708,16.36511916314251,16.026143801347036,-1.8324180419956484,17.412438149309033,15.720762158061518,16.202600235850618,15.479600107738136,14.816305918848371,16.945937153221543,15.789755027961169,18.307451480142053,13.081705137970015,16.952905822489072,14.180317204415951,14.062534182648456,17.020045124875764,12.676240196528447,15.201968380836828,16.326897950809325,14.062534182648456,14.755681300708407,17.250950680186595,19.31021580888538,14.062534182648456,14.6911427837375,16.58826271195672,11.983093515968127,16.598213042710878,17.738834732720097,17.826636935898538,16.17274727314657,15.671971995082563,18.45852523421355,17.639084330284984,15.201968380836828,15.914918168300796,-1.8324180419956484,16.58826271195672,18.441430800880816
1203033600,6.781033095348301,-1.9321811534694628,6.015294958852589,17.250047296792847,14.688065364358353,15.003467391407678,13.40559086145173,14.427127655444334,12.779209722441916,15.153844457480815,14.042073594596289,15.840455564333869,12.981942248718225,16.467619634202286,14.580143311761887,14.251428738341176,16.79136746003323,6.49783536818391,16.258908407758923,14.714809707062784,14.401805786870455,16.27387678461532,16.579160128556268,17.621480894472498,13.583928311992526,17.98106270663775,13.381195841271744,13.202858605016477,15.19735012896024,5.322147965792586,15.722261178445029,19.276515428851226,6.074186469736337,14.671304020461907,15.793749867923605,18.857343874266412,14.479807929939911,15.407956884584532,14.51207718946703,12.576477210054492,6.9882499798088205,17.383420076343587,16.857081631868393,15.364451168824885,14.42403168015474,17.348989239960865,16.909714039786557,14.074342871831737,14.831906419357134,6.361868517882565,15.92745678725136,17.16644294920021
1203120000,15.241977942080162,11.658459975845775,12.351606656406094,15.892565494936289,14.990663521735764,17.54178136712007,14.297516376890101,14.491672378726019,13.450218611740983,15.092446212589484,15.213807065907115,17.352191118015977,14.431047760586054,16.42063291919104,15.863151610162614,14.297516376890101,15.735996436701146,15.092446212589484,15.34733845496021,15.269376915517526,15.935125108751219,15.921138866972097,14.548830789297995,17.372191784655975,-2.157051582118001,15.962524082563958,14.749501474659136,14.749501474659136,15.372031066940826,14.749501474659136,15.550279294365065,18.30224871029603,14.366509243615148,15.241977942080162,15.863151610162614,18.60735619911928,15.213807065907115,13.450218611740983,16.331287819653976,11.658459975845775,18.01456663827828,16.910732409128507,16.470643339348776,14.223408410230885,16.3946574330127,18.110507931860788,16.283431798934465,17.66234604542195,16.340590212229753,-2.157051582118001,15.396128617939166,17.48740459639766
1203206400,-2.0825956444304836,15.494115052483167,-2.0825956444304836,18.45914831709158,13.81235658021362,15.664740565865962,13.81235658021362,14.623286726985512,11.732915913533292,16.114941560707674,13.342353025967872,15.810452374388664,12.83152753553518,16.80808873501762,13.5246745494285,14.440965181302666,16.520406664649173,14.217821646655121,15.664740565865962,16.681674811004157,15.028751816575157,15.166902150277004,16.41504614991727,17.44994261822949,12.83152753553518,17.031232285081828,13.5246745494285,11.732915913533292,15.539577425526334,-2.0825956444304836,16.503599546474035,19.306446176793617,12.83152753553518,15.421794392647728,15.446487004628343,18.450719609766672,13.119209524653652,15.028751816575157,13.678825205446238,13.5246745494285,15.583062536520446,16.85090873193857,17.31641122607489,12.83152753553518,13.81235658021362,17.270249184489337,16.925871769979558,14.035500106527833,14.297864347918402,14.566128316413536,14.910968785548404,17.046120897501687
1203292800,6.425375928379183,12.581093073787741,13.756780309512568,17.932366290597642,14.68468109140455,14.942569163499122,5.976405158712229,13.529652645397594,12.836505652337589,14.68468109140455,14.035453061464109,16.511956037391823,13.599533725824253,16.555196824965503,15.63571630405907,13.58854415628134,16.322245797542976,14.344272823841175,15.519960403053169,15.661344428993933,14.103353816459228,16.31511125627354,15.350087628558116,17.630592248159388,5.8760698210821625,17.124160879081685,14.313960514771193,13.679704973567192,16.082625233635774,12.031787096120297,15.947793450559853,18.350153499908252,13.130398884788686,15.859126444131082,15.809084715688012,18.93256442006944,14.170119495906413,13.351315207356791,12.884160937694116,5.12403131713841,16.610335262906915,16.8664594753298,16.378828034946416,14.306086342735536,14.64734071470833,17.86657143570889,17.264764554700868,14.516693054936388,15.913297016042284,13.351315207356791,15.31406662120008,17.425754688665073
1203379200,7.053006256510828,12.45054983022535,14.755628118104553,17.842800772171465,6.515748911485465,15.448775293067484,7.01501330398464,6.294832555187214,14.049885781858135,15.34323035098853,13.302923671799167,16.470127788526796,13.996070818268207,15.914328057384429,14.995888188802855,15.13236757618529,16.77325433600587,13.935756518138689,15.71159550651662,15.807330881749749,15.354620366507175,17.20835746305132,16.260901641046754,18.27724049116129,6.785247146970858,16.933407985190627,13.549161674449262,14.275878317755641,16.363071850405767,13.143696635785531,14.416462009332916,19.06922656458655,6.763967340667257,16.198320069112235,15.807330881749749,19.14282135522489,7.001679180799178,14.370275419317988,6.612826912403424,13.89573523695146,15.699690192237975,17.125600244575246,17.150119534179705,14.039576193316273,-1.711535068018586,17.72975584484412,17.608115845029694,14.812025802159,14.86470601887681,7.4835757053698835,16.139428553089598,17.164080766363117
1203724800,12.590691162136109,14.094768170023613,14.536600882620114,17.165401645794255,15.155640058059308,16.541934390333044,14.536600882620114,13.283838092696147,14.988585980389148,14.536600882620114,14.200128674570328,16.040678223840835,14.893275805130276,17.220553465592744,16.940968604947148,14.60559374934516,16.8533705462198,14.536600882620114,15.363279415626014,15.940594766954696,12.996156103577675,16.96644769008583,16.17420961448123,17.584518841305936,14.670132266316067,17.646936470669253,14.730756884456031,13.843453773488733,16.102236115892627,13.689303117470995,15.481062447810174,15.45289157163713,15.075597353590899,14.536600882620114,15.726184899804512,19.641680109637555,12.590691162136109,13.976985148256116,15.423904035604213,13.506981594010368,16.241348916416985,17.824469510213365,16.701564534506264,14.382450214697617,-1.9179670763879884,18.21831177762543,17.239877738325788,15.922895190168578,16.472254470388947,14.893275805130276,15.829369133908457,17.71762641489601
1203811200,-2.3684567956600695,15.524591223159078,-2.3684567956600695,15.90140107018562,-2.3684567956600695,14.814349626773438,13.238813398198914,14.086111163348033,13.749638955298247,13.238813398198914,11.447054762303706,14.012003196688816,14.28026716518395,16.156583972625548,12.833348373424066,14.219642547043986,15.030572728538093,-2.3684567956600695,-2.3684567956600695,15.417345694724252,15.75111886902189,16.02176475111687,14.538096261117067,-2.3684567956600695,13.526495428984035,12.545666384305594,12.833348373424066,-2.3684567956600695,13.749638955298247,-2.3684567956600695,14.337425575755926,17.56735118345296,-2.3684567956600695,13.644278450751532,13.056491874738287,18.28760029266241,13.056491874738287,13.749638955298247,13.526495428984035,13.392964054216652,-2.3684567956600695,-2.3684567956600695,15.002401852365049,-2.3684567956600695,-2.3684567956600695,14.582548021711617,14.973414316332132,12.833348373424066,12.545666384305594,-2.3684567956600695,12.545666384305594,12.833348373424066
1203984000,13.853269789485525,14.323273381231264,14.546416920045473,16.52741834580861,14.641727095304345,15.95740385595086,14.323273381231264,13.342444232386192,14.258734864260358,14.641727095304345,14.035591329612814,15.421885628232708,12.936979207611344,15.98150140723956,16.05049427793286,14.769560461359685,16.833888330305616,14.917980460960717,15.047192188260993,15.31188473544086,13.747909284938808,16.619588805001023,15.134203562725371,18.180047851249938,14.546416920045473,16.792431616842133,14.035591329612814,13.342444232386192,15.379326014719709,12.243832277051304,15.813364487617307,13.853269789485525,15.106032686552325,15.755377230807824,15.920132461616735,19.06384814227141,12.936979207611344,13.49659488840393,16.01659272664032,14.115634030876095,16.061544113997346,17.80835218628983,16.38696651137947,14.115634030876095,12.936979207611344,17.87504356066491,16.99742197246814,14.984671833234694,15.379326014719709,15.106032686552325,15.725071881771736,17.666576724182026
1204156800,12.678277283099547,16.423851755430768,14.75771853311277,16.17478452133376,14.575396984652148,15.363854317743693,13.659106327777987,12.678277283099547,13.659106327777987,15.013651897841369,12.965959272218019,15.690538541664914,13.371424296992867,16.289194871419504,16.50691835350174,14.064571394219488,16.35878816261305,13.8822498540922,15.135012751159,15.268544140212095,12.965959272218019,16.950302693876985,15.106025215126085,18.238958582063848,14.352253445837938,14.71515892050557,15.135012751159,13.977560024805616,16.010481471846234,12.678277283099547,15.910398014542384,18.41592393944934,13.371424296992867,15.936373500608262,16.5969445045356,18.856221064508432,13.8822498540922,13.525574953010604,16.767050472525504,13.525574953010604,15.450865692839383,16.826688738521803,16.3503492940384,13.371424296992867,14.79854052596636,18.203729890226075,16.667261002503384,14.412878063977903,15.674009239986926,13.8822498540922,15.19058260076941,16.732956261376284
1204329600,14.523380710496722,15.621992968861802,-2.383172346280414,14.958698765711787,-2.383172346280414,17.0987649032565,14.20492699642364,14.140388479452735,14.610392083698473,15.874989479938884,11.432339211683361,15.874989479938884,14.958698765711787,16.769876296192873,16.123686103087316,15.543212092250617,15.932147893125238,-2.383172346280414,14.651214076552062,16.53220464560562,15.170007853776752,16.91297713919252,14.987686301744704,17.648944314764734,16.02745807191946,15.170007853776752,14.651214076552062,14.42807053523785,14.866325448427073,12.125485892243683,16.745544195651757,17.281662994512565,-2.383172346280414,14.567832471091272,15.695018102809684,18.235843470402077,14.728175114725227,14.610392083698473,17.601948946267367,15.457689920276152,-2.383172346280414,16.70019637590183,17.45336156346057,-2.383172346280414,14.728175114725227,17.80906516128317,15.789047051193966,15.239000723676403,16.219829962799242,14.866325448427073,14.728175114725227,16.50751203316769
1204502400,14.406744308429493,14.735845779301807,13.740341535134409,15.801888393418157,14.495840359686225,16.025382705484915,15.454301647487872,14.65663217284191,14.126936415148597,14.72214629331412,14.82307936345946,15.313493977271177,15.334764461570742,16.2527611429757,15.592661414982896,15.65296084855872,16.135387663706645,13.760752511561208,14.774826548365255,15.867704299472013,15.337761035014838,16.1699244988646,15.029581024978022,17.013509873734435,15.059870119584907,16.653863545566498,14.389982935343493,13.943074047521833,14.733707498946018,13.529734847239101,15.498904833889256,16.632606428861124,13.891934607256498,13.047194417074456,15.692168781675704,18.481547873669093,14.246141911428207,14.086915062914393,17.133717504694072,14.365232666942383,16.137288805255324,16.690118809655047,16.402658734038994,13.785147573407832,14.565471387778267,17.669259058551,16.700963016696868,15.492838512653739,15.751526934312283,15.689852510092852,14.453899618371162,17.305699132416848
1204675200,14.11458703742589,15.87244487221965,14.11458703742589,16.3969693333065,-2.003508713532426,14.584590629171629,15.36734993449269,14.37695127881646,14.584590629171629,15.107838747473215,14.645215247311594,16.344601348337793,13.19829645555171,16.67181425654546,15.922875724998605,14.70237365788357,16.58268647737209,14.645215247311594,14.520052112200723,16.060497100766923,14.85652432977432,17.14953992894086,15.596191501077383,17.223647900751175,13.757912136344295,16.417172040419942,15.07009842091487,13.757912136344295,14.807734167985839,12.910614466433238,16.40712170466745,18.375857372374416,13.19829645555171,13.757912136344295,15.955136586696398,18.921881308321115,-2.003508713532426,14.520052112200723,17.228102251080713,14.11458703742589,15.640643262660074,16.64031558973415,16.417172040419942,-2.003508713532426,-2.003508713532426,17.5927453633106,15.986389129712101,14.990055716446461,17.026937607475617,14.209897208139306,14.90304434324471,16.81594815708872
1204848000,13.590674712378117,14.209713854850282,15.86427214034766,16.586406850217834,14.042659784173129,15.670116129057963,14.940601323507037,13.031059031585531,14.209713854850282,15.078751657208882,13.947349613459712,15.515965452206895,13.254202532899752,15.228283386699559,15.935223875312694,14.417353205205451,17.00605659086993,13.7242060871455,14.822818292480283,14.283821821509498,13.590674712378117,17.311191112038312,15.849457054782011,17.31808769107359,14.940601323507037,17.27955402720635,14.689286905808142,12.74337704246706,14.780258679873082,13.254202532899752,15.382434062558563,15.200112510526512,14.53513623391739,15.171124974493598,15.705207448253471,18.91507730724059,15.04596183546116,12.74337704246706,17.533642381568637,14.209713854850282,15.921430553370616,16.54260422787927,16.57201811286925,14.589203452263689,14.64049674401966,18.235065470035984,17.626178634245406,14.53513623391739,16.239884280701272,15.04596183546116,15.633748485548464,17.778162465631517
1204934400,14.028449940113425,13.69197776063506,13.46883425932084,15.932687271187634,14.9729114616527,15.911181066429204,14.38512484119502,13.46883425932084,14.480435011908437,14.56744638132231,14.480435011908437,15.911181066429204,14.38512484119502,15.414744194090469,15.666058614434867,13.874299284095688,17.264323204111044,13.46883425932084,15.483737063196468,14.85512843294076,13.46883425932084,17.224203210551593,15.548275582250707,17.546371457463877,13.874299284095688,13.46883425932084,14.64748908258559,14.028449940113425,14.38512484119502,12.7756873287608,13.874299284095688,20.029511006248303,14.85512843294076,15.30141551306918,16.426345083041678,19.34165577700181,13.874299284095688,14.028449940113425,17.31898161635008,14.028449940113425,15.953740679942204,17.308286327290524,16.08987285161527,14.279764336648304,14.56744638132231,18.25840692038574,17.37080668394602,14.028449940113425,15.820209290293871,14.915753051080724,15.579047239970489,16.14298267598878
1205020800,14.573228204225392,12.963790691791171,14.978693279000225,16.533322902357174,15.361685510044211,16.36498759012012,15.881560950902603,13.656937622351212,14.573228204225392,15.797003565259278,15.16101482468307,16.429526110216024,14.755549744352681,15.361685510044211,16.504749530321362,15.854161977465239,17.6366190309261,15.16101482468307,15.60284755712084,15.448696883245963,13.656937622351212,17.641281044010178,16.099284429459576,18.03583411715099,15.67184042622684,15.103856414111096,15.361685510044211,14.216553303143797,16.054832667876887,12.270644011230852,14.06240264712606,19.268238995127355,13.880081123665432,15.76715060300086,17.14584034206609,19.833843604108633,13.880081123665432,13.880081123665432,17.677814787175777,14.755549744352681,17.090924584900904,17.441127011951323,16.813937804139655,14.978693279000225,15.67184042622684,18.75680380169983,17.93360349483952,15.043231795971131,15.67184042622684,15.825991101292193,16.397777412405475,17.85789167337692
1205107200,13.837820825720438,14.466429426809484,15.369297098711861,16.33309014785327,15.341898125274497,15.992485678130624,14.97725502390881,14.53096794378039,14.702818190838627,14.89387341844802,15.090583704930099,16.75559143956148,15.19236639578382,16.269238676546472,15.519579297989985,14.156274522748067,17.295713429996155,14.32332859342522,15.284739713068536,15.125675023509842,14.06096435203465,16.402770067797366,16.3833519821288,17.27583205952138,14.53096794378039,17.587324779591995,15.932766444320862,14.24328589216194,15.709622896852807,11.75838015904011,15.369297098711861,15.125675023509842,14.156274522748067,16.035045291945554,17.1833291809273,18.77498884383169,15.054216062081975,13.837820825720438,17.865402049010036,13.837820825720438,16.494577616207035,16.833552980524438,16.062444265758295,15.090583704930099,15.608526782027264,17.89394405228685,17.805751340450954,16.062444265758295,16.269238676546472,14.648750972492328,14.702818190838627,17.50138235005522
1205193600,13.051164328769694,14.229819152034445,14.303927118693661,14.800363977057245,15.161377309419343,15.556690036168625,13.967454910643875,13.744311384329663,14.709392202992305,15.248388683883721,14.755912216462695,16.270039913637927,14.660602041203823,15.30245590369201,16.662081998170706,14.437458502389614,15.823752816634507,14.062765081357291,15.402539359742725,14.609308749447852,12.763482339651222,16.863366754440523,15.913364973984908,17.87546979668252,14.437458502389614,17.141333273765447,15.098856954393044,13.274307830083915,14.922966294132856,13.051164328769694,16.562709525063433,14.062765081357291,13.744311384329663,14.660602041203823,16.16467939909121,19.017951638805883,14.372919985418708,13.862094406097158,17.72399291556808,14.062765081357291,15.869562351966174,16.9327278818678,16.071588977109208,14.437458502389614,14.755912216462695,18.140302435894757,16.727464757005915,14.9607066206912,17.40144201835483,14.800363977057245,15.19123027167776,17.96748869522624
1205280000,15.027232239899554,12.947791135719594,15.473519320027975,16.01584359410915,15.250375778713764,16.661362714619152,15.145015268611493,14.819592889544385,-1.560867102804501,13.864081567593855,15.720379389209501,16.48874997424979,14.962693722928648,13.640938066279634,13.864081567593855,15.299165940502245,18.473243576843537,-1.560867102804501,16.413526554144447,15.992313097252666,-1.560867102804501,17.803719543946045,15.655840870155263,18.942998170351867,13.864081567593855,13.353256077161163,15.087856858039519,15.473519320027975,15.720379389209501,13.353256077161163,-1.560867102804501,13.640938066279634,15.087856858039519,16.20588719297197,16.459336089476114,19.69420276488064,14.652538818867232,14.20055374707222,18.61075111759178,14.962693722928648,17.082957200462076,16.55870856187746,14.893700856203601,14.20055374707222,15.720379389209501,17.841892117305342,18.411622442863973,15.512740031642794,14.893700856203601,15.751151046929284,16.74327983612787,17.159918241005613
1205366400,14.668501366046357,13.921287022695664,15.655887986580508,16.277939236375197,14.614434147700058,16.74134217768578,14.719794657802328,14.28901176863295,14.121957697955796,15.361648520290515,15.38762400601901,15.220569926017848,14.121957697955796,15.250422888276265,15.731395537662628,15.125259749243828,17.179383453879545,13.803504000928168,15.552703752476564,14.614434147700058,14.121957697955796,17.337190444286044,15.485262473197714,18.13094232196782,14.557275737128084,15.958168853338353,13.33350044668242,14.28901176863295,14.668501366046357,13.515821970143048,15.307581300482227,15.091358198717572,14.668501366046357,15.125259749243828,16.378022693929672,19.045250891649193,14.121957697955796,13.515821970143048,17.196333012121496,14.363119735292166,16.665704764000502,17.303792164008147,16.59159679239623,14.121957697955796,13.921287022695664,18.0922495223141,17.893673068831845,15.220569926017848,15.27941042430918,15.574209957234993,15.867197076512888,17.835529675968314
1205452800,14.523751920210948,12.508849333001894,16.560633789500976,16.698503582604204,14.993755524456686,17.162809187921447,15.785993584862121,15.034577517310275,14.012926340889399,14.860224137784545,15.766945390254271,15.665849275428728,14.454759053485901,14.951195911849485,15.11153855548344,16.197728299615957,17.584022651360847,14.648915055321819,14.811433975996064,15.34206220647,14.588290437181854,17.119006565476276,15.823034855856363,18.264591048171212,15.686902684183298,16.812913932962946,14.012926340889399,14.213597016149532,15.281437586491801,14.213597016149532,15.073798228925094,15.371049742502915,15.622364164434616,15.249688889185284,15.644343070670299,18.794846928441984,13.895143319121903,14.012926340889399,17.329130402639315,14.951195911849485,16.66773192417419,17.266740110299622,16.15950708728277,15.073798228925094,13.895143319121903,17.684998568400708,18.443743029944358,16.15950708728277,13.607461288336783,16.586386285382314,15.11153855548344,17.464675894124408
1205539200,14.996302100791937,-1.7636474889703564,16.458582328453296,17.18176178983415,15.66278100866517,17.233646624903983,15.09638555433639,14.885076471873663,13.438157680113779,13.997773360906365,15.607211159054762,16.482679879741994,13.997773360906365,15.54837066076343,14.996302100791937,14.536769802115248,17.75230664572909,16.07721477758621,15.047595392547908,15.453060483989407,14.35444826198796,16.64698292922952,16.300358325328993,17.8866738089805,14.759913336762793,17.22234706971389,13.661301181428,13.843622704888627,16.22625035427417,13.438157680113779,15.635382035227806,15.18735732840133,15.607211159054762,16.003106806806116,16.86404743249642,18.834055126134498,15.517599003043646,14.61681250337853,18.421764053534474,14.61681250337853,17.657665138966387,16.88017681429622,15.963886094422065,15.18735732840133,14.996302100791937,18.117971161417852,18.772083225335486,15.858525580986461,15.715424740764592,15.347699972035285,15.347699972035285,18.27245324108173
1205625600,15.571212001290768,11.742571583062043,15.634390901581334,16.89006506568995,14.38162798410637,17.239738812454107,16.785995706433404,16.196917890943958,13.128865194182403,13.939795271509867,14.450620850831417,15.749903786476832,16.173387393810618,14.632942396514263,15.109866447531775,16.538361136923747,17.03587541281216,15.456142674157094,15.074775128952032,15.820108043917415,15.526760239708077,16.487502720121444,15.038407486103909,17.094428721277946,16.884234145413156,15.916957868342795,12.841183205063931,14.961446447930744,16.231206964030637,15.20830651711227,13.352008695496624,13.534330218957251,16.149289842521917,15.571212001290768,16.005250474188365,18.853266706857696,15.143767998058031,15.869704984236666,17.29553017186013,15.480240225155434,17.419324388755484,16.979012551211643,15.143767998058031,14.787093068405014,14.307520017447153,17.235632030518317,17.975018601577702,16.149289842521917,13.688480874974989,16.913054583782515,15.613771614803767,17.103862753466803
1205712000,14.339840056078497,11.774891621693387,15.782223825108176,16.680165407539725,15.176088036689375,16.419281530450643,15.463770100807823,14.770622945247876,13.720800913606332,13.384328734127967,15.686913647122033,16.77210290221476,14.770622945247876,15.176088036689375,14.339840056078497,14.819413107036358,17.56178800612808,15.463770100807823,14.770622945247876,15.559080278339419,14.077475814687928,15.581553133686429,15.14218648616312,18.538775531411055,14.819413107036358,16.910689064626503,11.774891621693387,14.077475814687928,16.390011148436137,13.972115310141211,14.413948022737713,15.488462712788438,14.952944493708497,15.208877858437097,15.933773720678559,19.118316851488085,15.301251175721813,13.720800913606332,17.90611711335094,14.339840056078497,16.46623851309734,17.946591221192485,15.070727524735252,15.463770100807823,15.240626555743614,17.482000889765022,17.77382718612196,15.64609165343511,15.107095167583376,15.581553133686429,15.032987198176906,17.398908131491332
1205798400,14.085009186489295,-1.6764116633874266,16.010299926318073,17.380845914927498,15.27459315398426,16.71380988338951,13.930858530471557,13.930858530471557,14.536994258284306,13.525393505696709,15.540296309572337,16.593446202458264,12.139099894576349,15.27459315398426,14.70404832896146,14.778156295620676,18.055300959879702,15.230141393389708,14.911687679316628,15.230141393389708,14.218540561256678,16.109390826996894,15.471303440466338,19.147604077563287,13.74853700701093,17.263062879932487,-1.6764116633874266,13.525393505696709,17.320882450486913,14.624005627698178,14.44168408757089,13.525393505696709,14.70404832896146,15.604834828626576,17.087858792047214,19.633529110164588,14.972312297456593,13.237711516578237,17.518996252725604,12.139099894576349,16.090342632389046,17.752227004614554,15.18362137991932,15.776685080619025,13.930858530471557,18.140513775013247,18.027976855679814,15.471303440466338,15.31715276659146,14.778156295620676,15.35797475944505,17.44240380761105
1205884800,14.211713365319742,-1.8010218810918595,15.703368155986352,17.051441285779553,15.728060767966968,17.44383431021282,15.192542548887028,15.059011162214887,14.093930343552245,13.806248312767124,14.317073869866457,16.34522203031664,13.623926789306497,14.653546077916243,12.707636357432238,15.678050348643088,17.543917768352095,14.72253894464129,15.381784541341649,15.678050348643088,14.412384040579873,17.10208501827764,16.3185537835901,18.39968307755648,15.149982936279827,16.874301088986027,13.400783287992276,14.093930343552245,16.42120793633179,13.400783287992276,13.400783287992276,16.433329296717208,14.499395409993745,14.653546077916243,15.625406616543668,19.639107663520097,15.233364541740617,13.400783287992276,18.018375746448093,14.093930343552245,16.882023135020304,18.21904644146131,15.946314329204586,15.192542548887028,14.499395409993745,17.858033096802327,17.728221485682116,14.499395409993745,14.84770207975216,16.092026137727288,15.625406616543668,17.895021666066413
1205971200,14.524410933830879,11.885354532786552,14.28324889649451,16.104861252669043,14.593403800555926,16.576701424190507,15.020847792194463,14.187938725781093,14.657942317526832,14.524410933830879,13.494791645221133,15.181190435828418,13.494791645221133,14.929876018129523,15.81717918511922,14.929876018129523,16.745165944900663,15.777173851305843,15.522939718829228,15.181190435828418,14.28324889649451,17.00931751814269,15.97969811167582,18.30860049794395,15.020847792194463,16.510326355875243,12.98396615478844,14.187938725781093,16.490523728775145,13.96479519946688,14.881085856341041,13.831263824699498,13.96479519946688,13.96479519946688,16.133848789122126,19.501637094859806,13.271648143906912,13.96479519946688,17.02115197571967,14.524410933830879,16.681144086648256,18.552310326488524,16.713667278089353,15.252649397256285,14.187938725781093,18.105943704874864,17.17865836253667,14.976396031599913,14.28324889649451,15.623023174879943,15.996227413353807,17.981178097471528
1206057600,14.797092578379313,14.39162749408067,14.797092578379313,16.60460036476896,15.153767508032331,16.68704403336178,14.237476826158172,14.055155286030883,14.39162749408067,14.317519527421453,14.843612591849704,14.69700912483486,13.138864704156703,15.048406996078208,15.307918183097684,14.585783495916587,16.956576785608142,16.070058219906485,15.441449572150779,14.797092578379313,14.055155286030883,16.514744036381607,15.895704835301391,17.868462220727384,14.39162749408067,16.769849936474284,12.445717773596662,13.138864704156703,16.82147430154638,13.138864704156703,14.642941906488563,16.416009196582873,12.851182715038231,14.055155286030883,15.972077812918833,19.286798419845407,14.888064352444253,13.698480384949288,17.380191210324604,12.445717773596662,17.127848505350638,18.23107973678151,16.443917984440297,15.048406996078208,14.317519527421453,17.78084861567718,17.199307469013497,15.72286202545689,14.69700912483486,15.153767508032331,15.895704835301391,17.69010630075779
1206144000,14.27890470737099,14.374214878084405,13.922229806289394,15.888342539805095,15.06736201318981,16.83613192649056,15.15437338639156,15.23441609085997,14.461226247498278,14.615376915420775,14.748908299116728,14.972051837930938,14.374214878084405,15.665198993490884,16.252985647281893,15.639881186147619,16.881594300222787,15.442055448426675,15.559838480610836,15.442055448426675,14.615376915420775,16.5914400411192,14.615376915420775,18.12050515064852,15.737519653326324,16.13520261336162,13.585757626811029,13.585757626811029,16.181012148693288,13.074932136378337,15.15437338639156,14.461226247498278,14.541268948761559,13.362614125496808,16.35834616155083,19.427561199945345,13.074932136378337,14.920758546174966,17.73837090030178,14.972051837930938,17.57103089769626,18.460954751538917,17.07006972131868,14.866691327828669,14.055761181056777,18.214644141369583,17.41439882764797,15.472827106146458,14.920758546174966,15.847520546118172,15.965303579459741,18.399566479533846
1206489600,12.946284167947315,14.332578279067256,14.245566909653384,15.958545426512682,15.63186120259146,16.59260368300483,14.332578279067256,14.150256738939968,14.983165805353337,14.150256738939968,14.680884948825671,15.855004749360216,13.639431181840635,16.191476980786625,16.796431443416296,14.332578279067256,16.369460133864532,15.458589485617178,15.066547410814128,15.248868960941415,14.332578279067256,16.715206004093815,15.855004749360216,18.45567217259154,14.332578279067256,16.55720175626727,15.21496741041516,13.793581837858373,15.536551025059863,14.245566909653384,15.608871684895302,15.179876091835416,14.620260330685706,14.332578279067256,16.26651216579072,19.32866370937915,14.245566909653384,12.540819226505747,17.145988917493963,14.044896234393251,15.97480594712005,18.385811371160774,16.831278174503577,15.403019636006768,15.281658782689137,18.336876478791,17.09994497922816,15.105768122428948,14.044896234393251,14.892194031288398,15.313407479995654,17.97889803760298
1206748800,13.640004820975221,15.026298932095163,-1.2741183589904423,14.843977391967874,-1.2741183589904423,15.632434697786694,14.333151834868541,13.234539879533653,14.333151834868541,14.93928756268129,15.026298932095163,15.026298932095163,14.738616887421157,13.640004820975221,14.487302490886279,15.18044960001766,16.530376264056628,14.487302490886279,15.249442466742707,14.738616887421157,-1.2741183589904423,17.483034628725996,16.566743907566124,19.299486704563005,14.620833865653662,-1.2741183589904423,14.620833865653662,14.487302490886279,14.620833865653662,13.234539879533653,13.640004820975221,20.52038857017053,13.234539879533653,13.927686810093693,13.640004820975221,19.845908146106485,14.738616887421157,14.333151834868541,17.126359687848485,14.150830311407914,16.668526600147956,19.134436734486133,17.303566142318598,15.026298932095163,15.676886458381244,17.888499734453205,15.942589613969322,-1.2741183589904423,14.620833865653662,13.927686810093693,17.04120188041521,16.530376264056628
1206835200,13.014346656112409,12.60888171467084,14.218319227105061,15.41224162588053,15.722396546103562,16.246467387555246,14.40064076723235,13.525172146545101,15.24793858000051,14.112958722558345,14.40064076723235,15.24793858000051,13.707493670005729,16.426593551616882,16.878578671363936,14.623784301879894,16.426593551616882,14.80610584756274,15.579295705881691,15.173830610594042,13.525172146545101,16.79093136494576,16.13524175399301,18.551680591110003,14.112958722558345,17.02772182849166,14.48068346849563,12.60888171467084,15.442094588138946,13.30202864523088,16.13524175399301,13.014346656112409,14.554791435154847,13.861644326023466,16.415543715552396,19.470592555675257,13.707493670005729,13.014346656112409,17.22400173646272,13.525172146545101,15.866977771923217,18.329192992917722,16.89934066266867,15.211570937152386,15.283029898580253,18.452425633151602,16.912946314631892,14.80610584756274,15.006776532923881,15.006776532923881,15.553320220153196,18.277036513411133
1206921600,13.288715802696439,13.065572301382218,14.077173053969815,15.41694733235525,15.368157169376294,15.722328975640767,13.471037326157067,14.077173053969815,14.387327958031232,13.065572301382218,13.9818628832564,15.04657355473159,13.625187982174804,15.668261755345151,16.554475021097097,13.758719356942187,16.63510475490587,15.342839362033029,15.649569622682405,14.814771949669769,13.471037326157067,16.941967884348593,14.387327958031232,18.087806482969302,14.318335091306185,16.531307961994475,15.04657355473159,13.065572301382218,15.57109800878115,13.471037326157067,15.955943823167303,14.675010013816348,13.9818628832564,13.758719356942187,16.760682061458002,19.18366924997426,13.471037326157067,12.777890312263747,16.523464784594964,13.758719356942187,15.550478722003582,17.946478240701254,16.748181898771897,15.080475105257847,14.93737426674538,18.157787334007025,17.292405800300063,14.975114593303724,14.77032018907522,14.85733156227697,15.955943823167303,17.614171888527448
1207094400,15.429718282106668,-2.2359398988442614,15.134918749180855,15.897058785989659,15.10593121314794,16.6855161390812,16.214299657058387,15.429718282106668,13.52548095103246,13.977466022827471,14.575302982674003,15.450771690861238,14.980768074115502,15.923376093960712,15.799078379002005,16.01038746986809,17.064367596760047,16.96406572649626,15.076078250889523,15.49159368454816,15.013557895863226,15.722705401384562,14.715064918527425,17.457306443700773,16.252399502927716,16.022221927375035,14.144520093504624,14.21862806016384,15.842250550245836,15.076078250889523,14.911775205009503,-2.2359398988442614,15.363760315765548,14.144520093504624,16.14391886100452,18.65622447540856,15.450771690861238,15.10593121314794,17.473973496139685,15.317240301212905,17.22501756029682,17.124748107505827,15.784263293436354,15.10593121314794,14.87540756216138,17.423115079049925,17.402616557561615,15.93627949863012,15.134918749180855,16.648474867629552,14.524009690918032,17.056034215235627
