,3866932,4476527,798581,4045886,4328550,4474759,3138798,1142029,175036,2771899,28218,4478125,4434579,840376,211720,4300690,4346675,4453609,847228,4478815,4308835,4453773,191718,3409358,183798,176312,176062,4468234,4242681,4481613,4426438,3609545,2582660,4217963,145236,185420,3581686,4447072,4481131,315846,4327141,4365130,3562626,173876
1200614400,13.33080422733947,13.931578061202938,14.081109790693613,13.829795370349217,13.755687400942747,13.387962637911446,14.161152496230399,12.577032491139555,14.997400505901103,14.347738447446382,14.389411142978517,14.235260466552617,14.389411142978517,13.442029856257744,13.755687400942747,12.800176017453767,14.7460860807948,12.982497557581056,12.577032491139555,13.387962637911446,14.161152496230399,12.982497557581056,13.542113309802197,14.052938914520569,14.540642109838135,13.675644696474338,13.270179609199506,16.375326609040485,13.633085083867137,12.577032491139555,13.829795370349217,13.829795370349217,13.931578061202938,15.198071199343051,13.493323148013715,12.107028936893807,13.493323148013715,14.161152496230399,15.341777918792333,12.694815512907052,14.640725566724274,11.190738505019548,13.062540258844336,14.879617471633608
1200700800,14.313076622608229,-1.900329299063504,13.301475870020631,13.9946229255806,13.70694089479548,-1.900329299063504,13.524619371334852,-1.900329299063504,14.112405947348096,14.859620290698789,14.805553072352492,15.282477123370004,14.91091358245476,13.01379388090216,-1.900329299063504,-1.900329299063504,14.480130693285382,13.01379388090216,-1.900329299063504,13.01379388090216,14.805553072352492,13.01379388090216,-1.900329299063504,13.9946229255806,-1.900329299063504,-1.900329299063504,-1.900329299063504,16.042315660074895,13.861091550813217,13.301475870020631,13.301475870020631,12.608328939460593,-1.900329299063504,14.400087992022101,13.301475870020631,-1.900329299063504,14.554238659944598,14.748394661780516,14.959703744243242,-1.900329299063504,-1.900329299063504,-1.900329299063504,13.524619371334852,14.687770043640551
1200787200,15.50198864014791,14.49038776028761,14.49038776028761,15.255855575682997,14.539177922076092,13.892550800441079,14.861951301202854,12.59326805873501,15.621789837907745,15.021015990761548,15.278845093379156,15.63779017899817,15.937306704988643,13.691880125180946,13.440565728646067,13.28641507262833,16.079622925608277,13.979562169854951,-2.320855121230654,13.28641507262833,14.928642673476833,13.797240629727662,14.49038776028761,14.752752013216643,15.255855575682997,14.713531301601822,14.202705704502495,16.879150504109866,14.43909446853164,14.133712837777448,14.327868839613366,14.133712837777448,15.621789837907745,16.186003328137076,13.979562169854951,13.691880125180946,13.892550800441079,15.344803059720276,16.282147187849002,12.59326805873501,15.365856468474846,13.28641507262833,14.267244221473401,15.323296854961846
1200873600,14.133860224339088,13.748197752938868,13.479933775393963,13.832755138582193,13.959506841003833,13.16627623070896,13.517674101952307,12.929887466679816,14.210821263993736,13.859423384953118,13.777185288971785,14.539325325780586,14.664488467165965,13.055050601790686,12.167747490823388,12.524422391904983,15.2122697924924,13.217569522464931,12.167747490823388,13.055050601790686,14.133860224339088,12.30127886559077,13.62303461390643,13.266359684253413,13.357331458318352,13.357331458318352,12.01359683480565,15.75126629039062,13.718344790680453,12.994425983650721,13.983037337860319,13.748197752938868,14.22917040232523,15.104639129073071,12.994425983650721,13.112209012362662,12.706743932032271,14.153662851243112,15.431323357216844,12.30127886559077,14.153662851243112,12.419061887358268,13.055050601790686,14.22917040232523
1200960000,13.212174299903602,14.722082575986999,14.23802720052563,15.111922362438191,14.074397780098126,13.100948670985328,15.216495165575951,14.345272728960456,13.733471202155311,15.920224451883007,14.800334772011528,15.498843890307764,13.79409582213351,13.823083358166427,12.347176934785413,15.029909211450349,15.471741960676885,15.10401718299357,15.088016841775136,13.599939813995075,15.271681580762454,13.701722504848796,13.733471202155311,13.956614747219522,14.544401401010528,14.23802720052563,13.878653207776836,17.154266911657544,14.051924924751118,13.851254234339471,14.649761915279466,13.981307359200137,14.487242987987575,16.191991068193914,14.199560920437754,14.256719333188379,12.21364556001803,16.35223468345866,16.28389243024296,14.159555586624375,14.256719333188379,14.199560920437754,14.426618367090256,16.274088430170373
1201046400,12.756436932591924,13.708212325759014,14.794658545489662,14.238370850019434,13.785974005026397,13.05803642207152,14.266693026082178,13.751183550425589,13.649921415873855,14.867769503291541,14.505938144958538,14.531801429372045,14.018942649671443,13.664706639158139,12.079164182282446,13.480844248998356,15.138212634200222,14.20341166610476,13.85604380036946,13.924124340321232,14.420229654640867,12.925184801140233,14.221818651051326,13.262725886049656,13.916962662502517,14.091591813223843,13.192226031934977,16.434146325176677,13.695224582726073,13.404609960880912,14.050494036885047,13.560797301166215,14.22363215140999,15.747035345055767,13.830773554078739,13.104799407396966,12.68115060458429,15.543215243791561,15.155884866781538,13.311090688215842,14.198226137831263,13.278111701888715,13.560079516880604,15.328994894079546
1201132800,13.005202062928767,15.654411631251921,14.585652325044247,14.46048918601181,13.457187134723778,16.115537582734056,16.206786253643727,13.256516459463645,16.13446559250015,15.335957903921265,13.54419850413765,16.64278808355742,17.009934326208214,13.13873343769615,13.361876964010362,13.698349172060148,15.777790651239988,14.585652325044247,15.136829231871193,13.005202062928767,15.664461967004414,15.048275836099114,14.426587635485554,14.865954283008863,16.32714993523429,14.237345643030933,13.949663584468041,18.267892109716712,13.8318805557561,14.355128674057687,14.103814256358792,12.85105140691103,13.767342038785195,16.35259660076594,12.668729883450402,13.8318805557561,15.570151288522183,16.686912888304082,16.79586407172132,13.361876964010362,14.150334269829182,14.103814256358792,16.914363696084077,17.523880076263914
1201219200,11.07226396549038,14.821767553185582,14.833463592811974,14.821767553185582,13.99003422460181,14.31094193726273,14.889975802436421,13.087166552699433,15.37632856545143,14.1857787969231,14.229263907917215,15.362722913488211,16.0455429765032,13.55717015694517,13.018173685974386,13.42363877027303,15.183137337860536,14.31094193726273,14.489990165497314,14.1857787969231,14.709849638374784,13.55717015694517,14.568771042108501,14.404467993522852,15.402996812355784,14.74856415005581,13.42363877027303,17.21537556328174,13.374848608484548,13.51461054433797,13.87562387670007,14.1857787969231,14.368100350013354,16.17820894242139,12.325026576843005,13.55717015694517,14.568771042108501,15.920379834010554,15.966364947076126,13.323555316728577,14.95382727374322,13.55717015694517,15.786288060874984,15.876284514322123
1201305600,13.174624289775284,13.5229309595337,14.848600655638627,13.734240041996426,13.734240041996426,13.825211816061366,14.216078110681881,13.462306341393734,14.848600655638627,13.98555445969532,13.908593421522156,14.894410190970294,15.572519486816084,13.087612920361412,12.299155669088035,11.788330178655343,15.155625686802793,12.6356278485664,13.5229309595337,13.908593421522156,14.715069265246248,12.6356278485664,14.245065646714798,13.087612920361412,14.378597035767893,14.327303742696131,12.299155669088035,16.078789291036667,13.174624289775284,13.462306341393734,13.254666991038565,13.825211816061366,13.825211816061366,15.264428545466616,11.788330178655343,11.382865237213776,12.769159223333784,14.427387198746846,15.27468504552861,12.076012167773815,14.660009489074001,11.382865237213776,14.090914971649443,14.697050760068244
1201392000,13.900179649324922,12.647417037972296,12.647417037972296,-1.8612412005517989,13.340563968532337,11.954270357411977,13.900179649324922,13.052881979413865,13.563707469846557,13.746028993307185,-1.8612412005517989,13.563707469846557,14.033711024092305,-1.8612412005517989,-1.8612412005517989,-1.8612412005517989,14.66231962518135,-1.8612412005517989,-1.8612412005517989,-1.8612412005517989,13.746028993307185,-1.8612412005517989,12.647417037972296,12.647417037972296,14.033711024092305,-1.8612412005517989,-1.8612412005517989,14.726858142152256,-1.8612412005517989,13.052881979413865,-1.8612412005517989,13.052881979413865,13.746028993307185,11.954270357411977,13.340563968532337,-1.8612412005517989,-1.8612412005517989,-1.8612412005517989,14.256854550406517,-1.8612412005517989,13.052881979413865,-1.8612412005517989,-1.8612412005517989,12.647417037972296
1201478400,14.409837374100853,13.96800466150435,13.380218085491107,13.850221639736855,12.869392595058414,-2.0447305849072492,13.157074584176886,11.770780973056526,13.157074584176886,13.562539608951734,-2.0447305849072492,13.850221639736855,14.4788302408259,-2.0447305849072492,11.770780973056526,11.770780973056526,14.906274232464437,-2.0447305849072492,-2.0447305849072492,12.869392595058414,13.850221639736855,12.463927653616848,12.869392595058414,12.463927653616848,13.716690264969472,13.157074584176886,12.463927653616848,15.236515907106753,-2.0447305849072492,13.380218085491107,12.463927653616848,13.157074584176886,14.335729407441637,13.96800466150435,12.869392595058414,13.157074584176886,-2.0447305849072492,12.869392595058414,14.4788302408259,-2.0447305849072492,12.463927653616848,-2.0447305849072492,-2.0447305849072492,13.380218085491107
1201564800,14.28566717739045,13.815663573144711,14.365709881858859,14.052052337173855,13.505508669083294,11.107614305375337,13.304837993823162,13.815663573144711,12.717051417809918,13.672562739760448,13.672562739760448,15.132965013968128,14.439817851265326,13.304837993823162,13.053523597288283,12.493907916495697,14.91427581736838,12.493907916495697,13.053523597288283,13.880202090115617,13.815663573144711,13.505508669083294,12.493907916495697,12.717051417809918,13.304837993823162,13.815663573144711,11.107614305375337,15.538430116123912,12.206225927377226,-2.707897252588438,13.997985118827557,13.053523597288283,14.243107564783248,14.718531245047089,13.187054972055666,-2.707897252588438,12.206225927377226,13.880202090115617,15.058857043188034,12.493907916495697,13.997985118827557,-2.707897252588438,13.304837993823162,14.508810720371326
1201651200,-2.9261084803927915,14.914753786163775,13.779773891023204,14.024896336978895,14.147498654054505,13.833841109369502,15.845229142214999,14.627071719664375,14.067455949586096,16.548884296815427,13.980444576384345,15.989268511493243,13.722615480451228,13.191987270565525,12.83531236948393,15.932827200942343,15.432696870479786,15.38921175901286,15.886614358092356,13.833841109369502,16.18771944911952,15.41119066549009,14.290599492566972,14.85969400999153,14.80142510299963,14.739549700558138,14.290599492566972,18.19794487578047,13.287297441278941,13.885134401125473,14.932453362949893,13.661990862311264,14.108277942439685,15.7414323493036,14.472921043805371,14.878386142654277,13.661990862311264,17.11988352711847,16.34472319720269,14.221606623460973,13.885134401125473,14.932453362949893,15.831044507323647,17.714862114912567
1201737600,11.663889035397961,14.20942007661027,12.985644692046975,13.77410201604761,13.67879183927359,12.985644692046975,15.565861460023141,13.711581661021311,12.76250115739943,15.80304736739395,12.76250115739943,15.401558409633742,13.644890288747334,13.110807827157846,11.37620704627949,15.28154073693497,15.197575357405498,14.436477523262774,15.204848116681683,13.535691000761123,15.204848116681683,14.302946132870392,13.832942514338942,14.554260557183046,14.015264066370992,14.189617449706247,13.743330358327828,17.453084138667435,12.223504716190547,13.77410201604761,14.581659530995784,12.474819112725426,13.711581661021311,15.039768367622866,14.820889217186403,14.148795456019325,12.675489787985558,16.413159317524343,15.868581408520301,13.644890288747334,12.916651825321928,14.266578489360894,14.987124634599445,17.000224220336918
1201824000,12.578756250585256,14.750979427263182,13.020588963181758,14.601039282019922,14.540414661122604,14.601039282019922,14.77598072915605,13.32597059393595,14.892391079643794,15.563315118047996,14.231679185124586,15.392166862900854,15.209845307440233,14.045093233908602,13.748827426607164,14.555918847418184,15.505495547493572,15.316005502462868,15.26433349230006,14.313357214470102,15.06366279852141,14.630026818473006,14.966499051012585,14.210172980366156,15.874593009593706,15.06366279852141,14.406883270730223,17.339028933966357,13.677368465179297,14.070411041251868,15.37196415571939,13.71373610802742,14.370515627220724,15.6493897263559,13.965050528371819,14.210172980366156,13.847267496187659,16.156083110787932,16.37049298153406,14.332775299950129,15.160655063652822,14.892391079643794,15.523195124488545,16.275934399157602
1201910400,12.80925465124339,14.403188315843451,12.441529905306103,14.156328242286925,14.115506248600003,14.251638420273068,15.01498984979902,13.016894001598558,14.371439618032902,15.254940517621701,13.645502631854267,15.459240979902548,14.588110651699477,13.67829245360199,13.611601081328011,14.66314583670357,15.350250696819966,14.698652524740194,15.274743144787163,14.448997851175118,15.234737810440237,14.156328242286925,14.829272705733432,13.95787730795333,15.36826920221442,14.85942574360103,14.005505355808154,17.201802588687205,13.611601081328011,13.710041150908506,15.313209425368319,13.576509762748268,14.251638420273068,15.49657865014101,13.827824183092666,13.827824183092666,13.645502631854267,16.51718222529174,16.328804632211856,14.287356502237188,14.506985107984601,14.776904720764723,14.776904720764723,16.05544621282949
1202083200,14.300904816056354,13.407086961919779,13.722167998549665,14.003070377397204,14.994051989040543,12.05716035079086,14.136601767470705,14.415315165596098,14.59988643984651,14.820780269199757,13.917912570870955,14.847448516044839,14.577158189027251,14.441983412322639,12.50914542258587,13.917912570870955,15.409567430426451,13.478545923347646,14.06249379669061,14.811730433761738,14.254384801142962,12.883838843618193,15.389364723210972,12.30847474732574,13.774811730649086,14.043075711210584,13.80012953799235,16.115137128454087,13.722167998549665,14.643849562784357,15.320736217184315,14.359745315213488,15.167495870596149,15.43426004289487,14.387916191783358,13.055689090676431,11.720688171312494,15.608418288269977,15.731650928218752,13.666598148939256,14.330757778760404,13.369346635361435,10.804397739438235,14.864840258605469
1202169600,14.713057094498723,14.382815419856406,11.940468841008817,13.645216524156453,14.579525706338487,11.940468841008817,15.862441687191247,14.08053456332874,-2.5681893975152796,15.992253297507897,12.345933782450384,16.59442869592837,15.07596257867722,13.193231452361442,11.940468841008817,15.179146812781166,15.452013794765335,14.713057094498723,15.236305225531789,14.243053484002985,14.505417736932017,14.543158063490361,13.812270594833606,14.08053456332874,14.137692973900716,14.382815419856406,14.743828752218507,17.716571478795156,12.345933782450384,13.812270594833606,15.822032149261657,13.549906353443037,13.812270594833606,15.198564898261193,14.543158063490361,14.019909945188775,13.812270594833606,17.07626678100038,17.28040738464588,14.773681714476922,13.95537142821787,14.505417736932017,13.193231452361442,16.451327853020295
1202256000,14.97762907080298,14.022117656544772,12.124997954992171,14.070907818333254,14.322222236032149,12.818144968885491,14.663971519032959,14.460372569733995,13.511292066112112,16.920788170010454,13.591334767375393,15.699214176798485,16.224882369781472,12.972295624903229,14.581733423051624,15.457202143738858,15.537244850496645,15.395833198116033,15.797069965931025,14.070907818333254,15.67077624174754,14.637303272662034,14.070907818333254,15.316844787837805,14.393681197460015,14.245261197858984,14.022117656544772,17.93213861030425,12.818144968885491,13.66544273403461,15.558984836896727,13.223610021438107,14.117427831803644,14.739957424085334,15.601096321803444,15.316844787837805,12.972295624903229,17.282135376663536,16.126251766912542,16.539814083188023,13.223610021438107,14.855026751219008,14.161879592398193,16.57934492178837
1202342400,-1.0894976643373546,-1.0894976643373546,-1.0894976643373546,-1.0894976643373546,-1.0894976643373546,-1.0894976643373546,14.80545456030675,14.335451006061001,-1.0894976643373546,15.028598086620962,14.335451006061001,-1.0894976643373546,-1.0894976643373546,12.72601389362642,-1.0894976643373546,13.824625515628309,12.72601389362642,14.11230750474678,15.616384707078641,-1.0894976643373546,-1.0894976643373546,13.824625515628309,12.72601389362642,13.824625515628309,-1.0894976643373546,-1.0894976643373546,13.419160574186742,17.38945199717295,-1.0894976643373546,-1.0894976643373546,12.72601389362642,-1.0894976643373546,-1.0894976643373546,-1.0894976643373546,-1.0894976643373546,14.80545456030675,-1.0894976643373546,16.751364602219212,14.80545456030675,14.11230750474678,-1.0894976643373546,15.559226296506665,-1.0894976643373546,13.824625515628309
1202428800,12.184209172121921,14.46278943371954,3.8901597820196736,14.263650495051788,12.498513468499777,13.476207832772015,15.313760602275845,15.124388130469464,14.070589429243984,16.308865799296388,13.649805856663493,16.186944593973543,14.56875615285293,13.110401080389288,13.632855089733699,15.99419368887768,15.317571959380096,14.429929663614292,15.255025983320902,13.562629170233961,14.951150657225194,14.609246561370316,13.761377627320599,14.434113784023197,14.364961453097695,13.674200937557734,13.9229022313596,17.772585514775855,12.80158129907283,11.949207457499012,14.82374435790026,12.407352673436142,13.33550155611897,15.14900350694855,14.704912423553962,13.884807661911362,14.496695354193008,16.448646273818422,16.918803348530858,13.975099623139867,5.089106963873652,14.677508302449727,14.205734596061156,17.70301480425722
1202515200,4.3058742800074805,14.388198978455751,11.560203599269348,14.113175811977467,12.827051555454661,14.790468182049159,14.257016844036691,15.55240034897615,14.995696837039082,15.552366273568506,14.189991344372931,15.183743350323162,15.47489890444483,13.440803168744287,14.253367192954059,15.047348961467303,15.22530735857084,15.224487389396081,14.869572552843966,14.586247652437692,14.843539276055893,13.710882455045715,13.520198701292387,14.386447658175856,15.107361973414147,14.155012050559096,13.196885118739672,17.3300305632793,13.208121550790281,12.488352200702398,14.27223735922638,13.105724387312385,13.362952045226605,15.248457120693036,13.96994047587125,14.38819897338582,14.25015174839006,16.15751175836721,16.184521843760784,14.767342209640393,13.579971281675403,14.38044688058768,14.880728867478258,17.032046312204287
1202601600,-3.0772027293705086,15.157148448438559,12.684218120506213,14.070512374483256,13.44635809636264,15.37303682653214,14.912695113874019,15.844253308554954,14.708599761013813,16.006165992811734,14.070512374483256,15.429655719997223,16.32929481283597,13.510896613333546,14.815845289448639,15.582494922926374,16.006165992811734,15.715041577910894,15.3922681882751,14.815845289448639,15.483239965652668,14.943000462910106,13.510896613333546,14.72729189367656,15.672781768918703,14.566949246821991,13.957183693461968,17.65005512984146,13.040893021587808,12.530067464488475,14.689551566405964,13.223214561715096,13.571521231473511,15.27090733249971,14.58845545158042,15.082113263434465,14.172295065336979,16.555418991533163,16.54944882456448,15.465695656155665,14.139505243589255,15.132756995611885,15.44783803891511,17.353033430138012
1202774400,12.058113294054767,15.019943699841178,12.345795283173238,13.667550939822252,12.905410963965824,15.989938599981762,15.37834129189817,15.193607191143393,10.959501672052879,17.027926262612304,13.26208586504742,15.4021519403084,14.00402315739585,14.360698087048867,16.496834943008924,15.88675436445696,16.141284227963443,16.077494490458157,15.019943699841178,13.732089456793158,15.922345309306294,15.249960126900401,14.291705217942868,13.26208586504742,16.579901541393717,13.524450106437989,14.788142090281603,17.892923698758754,13.038942338733207,12.058113294054767,13.444407405174708,13.667550939822252,13.955232995607368,14.05054317086624,15.73018530499362,16.112792272331504,12.058113294054767,16.311358810268782,16.601407746537593,17.127017165038154,13.667550939822252,14.743690328698912,15.236166804958323,16.47695357253415
1203033600,13.705151697497792,14.851153150240801,4.429297264493833,12.723346904595868,12.512740201819616,14.312699136360678,15.177717283587647,13.770819687934544,13.21473709803871,16.07914094168008,13.477118640795783,15.25127060806075,15.426371822661908,13.698529077076,16.189303889818575,14.96148224621627,16.17992803780884,15.0180577067249,14.611341039864639,13.798864419756569,15.370156211427311,14.281145043637,14.10176699496979,13.452290852203868,15.352419889552582,13.096542716024139,14.557525708928011,17.545100167329263,11.742517859917427,12.25334335035012,13.11472658850639,13.26741735031207,13.508955187844382,14.609727271092908,15.901848006264693,14.806921596511012,14.530492102357645,16.14508847838406,16.353498266825714,15.871786330405593,13.31745907232239,14.870712357402041,13.280405088992781,15.972934760688686
1203120000,12.682165016253713,15.449055632184056,13.895187592217507,13.895187592217507,14.06845930919179,14.273253717629048,14.273253717629048,14.488962286862595,14.196292677974402,15.002768532769922,14.361807113401127,15.225912082298418,16.470478278504363,13.997841743640807,14.80605824046486,14.06845930919179,15.817659145226346,14.61500300599048,13.867788618780143,15.104551226215808,14.928660561303012,13.780777244315765,14.918998650484628,12.48149434099358,14.928660561303012,13.997841743640807,14.06845930919179,17.07997542883834,13.174641465997976,13.375312151359116,14.458656937826508,13.973149131660191,14.795129170052117,15.557269216238208,14.378614231435023,13.542366229029277,14.309621361138547,15.499205415590025,16.744174108488735,14.273253717629048,14.80605824046486,14.06845930919179,13.280001976100245,15.088290705476233
1203206400,12.907702889392604,15.027966327814925,13.654917232743298,13.27542763532989,13.654917232743298,14.20698579271479,14.517140712937822,13.968574777428302,13.654917232743298,15.721113501708203,13.27542763532989,15.295445689819934,16.07177037134954,13.349535601989107,15.30559806118088,14.37403987271595,15.464068400672335,15.164825508826695,14.236838754973206,14.265826291006121,15.054283635785978,13.543691603825025,14.176214134995007,13.108373564652737,15.354869109702037,13.349535601989107,13.654917232743298,16.80855248535871,12.502237836839988,13.27542763532989,13.929354065813481,13.543691603825025,13.543691603825025,15.325598727687531,14.265826291006121,14.144465437688492,14.539119619173505,15.49796995206066,16.341689986350875,15.232266788863885,14.006315103986646,14.37403987271595,13.27542763532989,15.104927367963398
1203292800,13.879411563652683,14.622569151341386,14.127872917310157,13.879411563652683,13.853436077924187,13.434725756750211,14.107670210400801,14.546583245326236,13.649837128625222,15.514167263430048,13.649837128625222,15.044163637184312,15.199456520439663,13.681585825931737,15.278444931238091,13.853436077924187,15.533969890628189,14.342984293056134,13.511686794923376,14.25890117726042,15.036131465551563,14.186141824302057,14.065997514868666,13.10622170533373,14.681758022030849,13.879411563652683,14.27629291966981,16.658390059942565,12.518435084876051,13.712357483651521,14.597876539055893,13.649837128625222,14.492516024786955,14.869810251563344,15.052131806769996,12.78079932626662,13.799368858115898,15.171676956525525,16.454174518874645,14.704486272850106,13.742210445909937,13.511686794923376,13.351344151289421,15.09104722271675
1203379200,12.98894235148394,15.126564611004206,14.647067284380725,13.942027214120811,13.850528486508901,14.822032582572135,14.239380760989848,14.97761352114566,13.99866139015962,15.007669031064557,14.315523262685803,14.954520765879273,16.224640983484257,13.730131828066028,15.34598005577034,12.76294981112215,15.140552354639711,14.293642855280533,14.216985402822807,15.064148968648025,14.939469273067376,14.323069077162446,14.578678929474338,12.398192439431337,15.047674962535298,14.287966948442154,13.790240499985115,16.752382132047032,13.42144104256576,13.996393814974773,15.243747270151903,14.00166891860905,14.785648793332006,15.600592225373695,13.672046114461772,13.047833870890415,14.436961040229153,15.24881650966773,16.539607063690838,14.295312306261675,14.658280801434325,13.847476595235488,14.050209143337188,15.332212623577563
1203465600,11.927317564776658,15.609927162166338,14.845088060374483,14.006758887706525,14.09637104371764,15.717172691880345,14.302223092606175,14.61856041451167,14.730677710834739,14.745715587973137,14.25459504475135,15.294613153383853,16.947902941376277,13.485461985454815,13.536755277210787,11.927317564776658,15.018359779498642,14.601465981444598,14.775129472746812,14.971839764404873,15.259521833880465,14.369664371885023,14.511314886076844,12.938918317364255,15.609927162166338,14.760530673538788,13.836859856698164,17.17828098625187,13.585545438999269,13.71907682567141,15.377304868544783,13.79911953013982,14.897731793166903,15.564903481082021,10.541023953656298,13.431394767108518,15.336813507518002,15.902315124061058,16.63459272595927,14.884828388497496,14.668157354830921,14.302223092606175,15.345044006586775,16.090099042443068
1203552000,12.13244320347153,15.832396737703572,15.643431131964238,14.750442234165327,14.435028033965619,16.174107221290686,13.857436736308001,14.650106888454452,15.29462240531635,15.51400031630195,14.771074911118305,15.459358073889176,17.164998037327255,14.16552979228975,11.988602208912294,13.172163786811485,14.999652650297142,14.840122625494905,15.352650306951997,15.332640855165927,15.93164258306672,13.028322771418924,14.609769265860644,13.944613428293087,16.18705539340001,15.269195794210454,13.997293681122,17.741929243572393,14.321891315030276,14.119158768551952,15.707466744515036,14.371111349820524,14.90535706701483,16.298496825687053,12.47901671041819,14.31079735826936,15.174312837661201,16.39320149733536,16.973239524397083,15.601099961437782,14.790275935335501,14.353768571422613,16.078980136038062,16.36203953956757
1203724800,14.745944113874497,-1.0154767360022205,15.690405635413772,-1.0154767360022205,-1.0154767360022205,-1.0154767360022205,13.493181502521873,14.186328433081911,-1.0154767360022205,15.439091223005878,14.186328433081911,-1.0154767360022205,14.186328433081911,-1.0154767360022205,-1.0154767360022205,-1.0154767360022205,-1.0154767360022205,14.186328433081911,15.935528081369462,-1.0154767360022205,-1.0154767360022205,14.409471934396132,14.745944113874497,-1.0154767360022205,-1.0154767360022205,-1.0154767360022205,14.59179345785676,16.86047684974985,-1.0154767360022205,14.409471934396132,-1.0154767360022205,-1.0154767360022205,-1.0154767360022205,-1.0154767360022205,-1.0154767360022205,13.89864644396344,-1.0154767360022205,18.364554233116163,14.745944113874497,14.186328433081911,-1.0154767360022205,14.87947548864188,14.745944113874497,-1.0154767360022205
1203811200,13.979153226062277,14.117303562153605,15.077765502384706,13.941412898791679,13.997502364393771,13.960461093399529,13.861370192720706,13.774358817625016,11.936079452891928,15.733172351994092,13.727838803072373,14.33397459582018,15.125967603912098,12.985901484533471,14.3846183279976,13.322373706868973,14.88800896839308,14.209676880861473,13.67904864009342,13.941412898791679,15.040025174639275,13.516529715007408,13.424156397722694,13.545517251040325,14.209676880861473,14.149052259964154,13.545517251040325,16.717600887027942,13.357465025448715,13.081211659792343,14.149052259964154,13.545517251040325,14.266835293884427,14.396888420438858,14.252849052105304,14.54404606310634,13.486676752748993,15.125967603912098,15.773994346386143,15.17755497240683,12.9346081927775,13.455905095029209,14.294234267697167,15.925063359244573
1203984000,13.707510560175498,15.491665392197376,14.90692751620966,13.255525462406464,13.560907093160655,14.548293713694806,13.874564637845658,13.912304964404003,14.947201414806862,15.96832619957804,13.101374794483966,15.138256649281242,15.010917228380755,14.305347540476573,14.87914795248846,12.225906173796718,14.676911089150437,14.623801264776926,14.641819769954928,13.751962320770048,15.403959812478018,14.354137703455528,14.199987027596524,15.803853872789984,15.093804887204481,13.560907093160655,13.874564637845658,17.912881330814525,12.225906173796718,14.305347540476573,14.254054247404813,13.32451832913151,13.707510560175498,16.2548227342551,14.330040152457189,14.676911089150437,15.798251617272701,15.420489114292614,16.61042949116297,15.803853872789984,13.389056846102417,13.835343926230838,15.792617799586184,16.391019610012634
1204156800,16.031322914434234,15.989358715628743,15.10815931366438,13.53262301899791,13.880929688756325,15.190851028141129,14.761288376971132,14.04344860943057,14.415012150345813,15.876030031178882,13.755766553645454,15.711155389422611,14.685302471918757,14.448913700872069,12.657154398310661,11.740863966436402,16.335983321621622,13.686773686920407,13.9380880993283,14.266592150744781,15.429742933050463,13.992155317674598,12.839475921771289,14.831905942522114,14.513452219926307,13.53262301899791,14.138758784689442,17.198319056455055,12.839475921771289,14.266592150744781,15.324382418781525,14.343553188917946,13.992155317674598,16.135312627281806,12.839475921771289,14.415012150345813,14.544223877646091,15.10815931366438,17.15696387086317,14.603064375937423,14.448913700872069,13.244940974323907,14.225770157891192,16.25172297844788
1204243200,13.952517296852605,14.933346537609427,15.288549808738402,14.563986437428737,14.081134672308234,14.808183395635815,13.352896190409924,13.891892676261659,14.962334074272597,14.254798163610449,14.439532264365226,14.824712697450412,15.405186711896679,13.952517296852605,13.352896190409924,11.406986255640295,15.011124238101893,14.37740048403054,14.324756751238118,14.47503895240185,14.402718291694317,13.421889059515923,14.75689010168686,14.297357777425379,15.083286683876516,14.72117201940376,13.631609584191686,16.673554675164105,13.912511963039226,14.046043353112726,14.693520488328137,13.93271466994858,14.42741090397981,15.915094481540107,10.713839325080256,13.84933306274866,14.115036223409202,14.665082553277191,16.32879008785146,13.990983576940481,15.095865466004263,13.016423968074424,15.436792051169299,15.615403027839747
1204502400,12.026833245254647,14.751412631504795,15.117875579294788,13.990442863953227,13.610953250345489,14.304100418084921,14.10627467755949,13.243228481616184,14.83774071431537,14.951337891231686,13.473752132602744,14.304100418084921,14.807203990688429,13.610953250345489,13.205488155057838,12.026833245254647,14.62022042238252,14.683590035741243,14.62022042238252,13.839211897093609,14.610830682120849,12.780604981454562,13.636271057688754,14.718076211515058,15.112177558212618,14.479991082480762,13.68506122066771,16.925605322137482,13.279596124464307,13.166267443443019,13.93637564365761,13.166267443443019,14.041736157463585,15.83903579316302,12.512341012959428,13.954724781989107,14.469180166493423,15.808177804889688,15.874317607211896,14.354110838034194,14.447201260016193,13.990442863953227,15.38547089184584,15.871647378663146
1204588800,13.71447701031434,16.23386978777922,14.35355694475021,13.660409791968043,13.334987412900933,15.442866822324024,14.759022043599115,13.072623171510363,14.171235393511811,16.299467069996,13.072623171510363,15.62206825024844,15.11384341335702,12.715948270428768,12.715948270428768,11.463185659076144,14.458917457630259,14.598679396744547,15.313332771424625,12.56179761441103,15.660387114256874,15.004144497606337,13.40909537956015,15.667877785929921,14.944425263796575,13.660409791968043,13.660409791968043,17.988947686867984,12.379476090950403,12.967262666963647,14.137333842985555,12.379476090950403,13.16793334222378,15.70451191884126,14.137333842985555,14.554227635161856,14.507707620609214,16.60192045873239,17.01031382563641,15.176757237975698,13.254944711637652,14.065874881557688,16.058305014261364,17.158599385742626
1204675200,12.51960995946657,16.463131435830075,13.743385249912233,13.618222114801362,12.701931482927197,15.037306248206612,14.671371985981864,12.989613513712317,13.800543660484209,16.607265336893597,12.701931482927197,15.858931744502856,16.016117326993676,13.743385249912233,12.856082138944934,12.296466458152349,14.277467711501721,14.93552355562478,14.899155912115281,12.856082138944934,15.979076055542029,14.953223132410898,13.107396535479813,15.762202118764606,15.544900844970861,12.51960995946657,13.395078580153818,18.08336359028596,12.296466458152349,12.51960995946657,13.905904170586478,10.910172847031989,12.008784469033877,15.808011654446087,12.989613513712317,14.841997499364659,15.68085647997273,16.790704836226485,17.209121095726665,14.841997499364659,13.107396535479813,14.0456661064399,16.573132330640657,17.394807084194458
1204848000,13.872515359507474,15.615484625280384,15.171798309005702,14.086089450648025,14.195288738634236,15.423112734400604,14.888435901952803,13.718364687616724,14.229190289160492,15.648274447834556,13.919035372977865,14.612182530810538,15.945986692569782,13.46705027520883,14.229190289160492,13.46705027520883,15.687805286278614,15.615484625280384,14.955127275339127,13.772431905963021,15.598677507105245,13.130578067159044,13.963487133572414,15.615484625280384,15.537523084486347,14.656634292393228,13.392942308549614,17.704257487087762,12.437430986599084,12.907434540844832,14.67814049715166,13.536043141933877,13.718364687616724,15.725832681578602,12.214287485284864,15.500821717972705,14.888435901952803,16.42641483686708,16.252942896051692,15.360592378070947,14.261980110908215,13.600581658904783,16.418979858407205,17.01420150012311
